pdb_id,chain,res_num,xrot_clock,yrot_clock,zrot_clock,rmsd
1A23,A,33,0.0,0.0,0.0,0.0000
1A23,A,33,0.0,5.0,0.0,1.1868
1A23,A,33,0.0,10.0,0.0,2.3714
1A23,A,33,0.0,15.0,0.0,3.5514
1A23,A,33,0.0,20.0,0.0,4.7247
1A23,A,33,0.0,25.0,0.0,5.8890
1A23,A,33,0.0,30.0,0.0,7.0421
1A23,A,33,0.0,35.0,0.0,8.1817
1A23,A,33,0.0,40.0,0.0,9.3058
1A23,A,33,0.0,45.0,0.0,10.4122
1A23,A,33,0.0,50.0,0.0,11.4988
1A23,A,33,0.0,55.0,0.0,12.5635
1A23,A,33,0.0,60.0,0.0,13.6042
1A23,A,33,0.0,65.0,0.0,14.6191
1A23,A,33,0.0,70.0,0.0,15.6061
1A23,A,33,0.0,75.0,0.0,16.5634
1A23,A,33,0.0,80.0,0.0,17.4892
1A23,A,33,0.0,85.0,0.0,18.3817
1A23,A,33,0.0,90.0,0.0,19.2393
1A23,A,33,0.0,95.0,0.0,20.0602
1A23,A,33,0.0,100.0,0.0,20.8429
1A23,A,33,0.0,105.0,0.0,21.5859
1A23,A,33,0.0,110.0,0.0,22.2878
1A23,A,33,0.0,115.0,0.0,22.9474
1A23,A,33,0.0,120.0,0.0,23.5632
1A23,A,33,0.0,125.0,0.0,24.1342
1A23,A,33,0.0,130.0,0.0,24.6592
1A23,A,33,0.0,135.0,0.0,25.1373
1A23,A,33,0.0,140.0,0.0,25.5676
1A23,A,33,0.0,145.0,0.0,25.9491
1A23,A,33,0.0,150.0,0.0,26.2813
1A23,A,33,0.0,155.0,0.0,26.5635
1A23,A,33,0.0,160.0,0.0,26.7951
1A23,A,33,0.0,165.0,0.0,26.9757
1A23,A,33,0.0,170.0,0.0,27.1049
1A23,A,33,0.0,175.0,0.0,27.1825
1A23,A,33,0.0,180.0,0.0,27.2084
1A23,A,33,0.0,185.0,0.0,27.1825
1A23,A,33,0.0,190.0,0.0,27.1049
1A23,A,33,0.0,195.0,0.0,26.9757
1A23,A,33,0.0,200.0,0.0,26.7951
1A23,A,33,0.0,205.0,0.0,26.5635
1A23,A,33,0.0,210.0,0.0,26.2813
1A23,A,33,0.0,215.0,0.0,25.9491
1A23,A,33,0.0,220.0,0.0,25.5676
1A23,A,33,0.0,225.0,0.0,25.1373
1A23,A,33,0.0,230.0,0.0,24.6592
1A23,A,33,0.0,235.0,0.0,24.1342
1A23,A,33,0.0,240.0,0.0,23.5632
1A23,A,33,0.0,245.0,0.0,22.9474
1A23,A,33,0.0,250.0,0.0,22.2878
1A23,A,33,0.0,255.0,0.0,21.5859
1A23,A,33,0.0,260.0,0.0,20.8429
1A23,A,33,0.0,265.0,0.0,20.0602
1A23,A,33,0.0,270.0,0.0,19.2393
1A23,A,33,0.0,275.0,0.0,18.3817
1A23,A,33,0.0,280.0,0.0,17.4892
1A23,A,33,0.0,285.0,0.0,16.5634
1A23,A,33,0.0,290.0,0.0,15.6061
1A23,A,33,0.0,295.0,0.0,14.6191
1A23,A,33,0.0,300.0,0.0,13.6042
1A23,A,33,0.0,305.0,0.0,12.5635
1A23,A,33,0.0,310.0,0.0,11.4988
1A23,A,33,0.0,315.0,0.0,10.4122
1A23,A,33,0.0,320.0,0.0,9.3058
1A23,A,33,0.0,325.0,0.0,8.1817
1A23,A,33,0.0,330.0,0.0,7.0421
1A23,A,33,0.0,335.0,0.0,5.8890
1A23,A,33,0.0,340.0,0.0,4.7247
1A23,A,33,0.0,345.0,0.0,3.5514
1A23,A,33,0.0,350.0,0.0,2.3714
1A23,A,33,0.0,355.0,0.0,1.1868
1A23,A,33,5.0,0.0,0.0,1.2722
1A23,A,33,5.0,5.0,0.0,1.8110
1A23,A,33,5.0,10.0,0.0,2.7799
1A23,A,33,5.0,15.0,0.0,3.8637
1A23,A,33,5.0,20.0,0.0,4.9827
1A23,A,33,5.0,25.0,0.0,6.1114
1A23,A,33,5.0,30.0,0.0,7.2387
1A23,A,33,5.0,35.0,0.0,8.3583
1A23,A,33,5.0,40.0,0.0,9.4659
1A23,A,33,5.0,45.0,0.0,10.5582
1A23,A,33,5.0,50.0,0.0,11.6323
1A23,A,33,5.0,55.0,0.0,12.6857
1A23,A,33,5.0,60.0,0.0,13.7161
1A23,A,33,5.0,65.0,0.0,14.7213
1A23,A,33,5.0,70.0,0.0,15.6991
1A23,A,33,5.0,75.0,0.0,16.6477
1A23,A,33,5.0,80.0,0.0,17.5650
1A23,A,33,5.0,85.0,0.0,18.4494
1A23,A,33,5.0,90.0,0.0,19.2989
1A23,A,33,5.0,95.0,0.0,20.1121
1A23,A,33,5.0,100.0,0.0,20.8872
1A23,A,33,5.0,105.0,0.0,21.6229
1A23,A,33,5.0,110.0,0.0,22.3176
1A23,A,33,5.0,115.0,0.0,22.9700
1A23,A,33,5.0,120.0,0.0,23.5789
1A23,A,33,5.0,125.0,0.0,24.1430
1A23,A,33,5.0,130.0,0.0,24.6614
1A23,A,33,5.0,135.0,0.0,25.1330
1A23,A,33,5.0,140.0,0.0,25.5568
1A23,A,33,5.0,145.0,0.0,25.9322
1A23,A,33,5.0,150.0,0.0,26.2583
1A23,A,33,5.0,155.0,0.0,26.5346
1A23,A,33,5.0,160.0,0.0,26.7605
1A23,A,33,5.0,165.0,0.0,26.9355
1A23,A,33,5.0,170.0,0.0,27.0594
1A23,A,33,5.0,175.0,0.0,27.1319
1A23,A,33,5.0,180.0,0.0,27.1529
1A23,A,33,5.0,185.0,0.0,27.1223
1A23,A,33,5.0,190.0,0.0,27.0402
1A23,A,33,5.0,195.0,0.0,26.9067
1A23,A,33,5.0,200.0,0.0,26.7221
1A23,A,33,5.0,205.0,0.0,26.4868
1A23,A,33,5.0,210.0,0.0,26.2011
1A23,A,33,5.0,215.0,0.0,25.8658
1A23,A,33,5.0,220.0,0.0,25.4813
1A23,A,33,5.0,225.0,0.0,25.0484
1A23,A,33,5.0,230.0,0.0,24.5680
1A23,A,33,5.0,235.0,0.0,24.0410
1A23,A,33,5.0,240.0,0.0,23.4684
1A23,A,33,5.0,245.0,0.0,22.8513
1A23,A,33,5.0,250.0,0.0,22.1909
1A23,A,33,5.0,255.0,0.0,21.4884
1A23,A,33,5.0,260.0,0.0,20.7453
1A23,A,33,5.0,265.0,0.0,19.9629
1A23,A,33,5.0,270.0,0.0,19.1429
1A23,A,33,5.0,275.0,0.0,18.2867
1A23,A,33,5.0,280.0,0.0,17.3960
1A23,A,33,5.0,285.0,0.0,16.4727
1A23,A,33,5.0,290.0,0.0,15.5185
1A23,A,33,5.0,295.0,0.0,14.5354
1A23,A,33,5.0,300.0,0.0,13.5254
1A23,A,33,5.0,305.0,0.0,12.4905
1A23,A,33,5.0,310.0,0.0,11.4330
1A23,A,33,5.0,315.0,0.0,10.3553
1A23,A,33,5.0,320.0,0.0,9.2599
1A23,A,33,5.0,325.0,0.0,8.1498
1A23,A,33,5.0,330.0,0.0,7.0284
1A23,A,33,5.0,335.0,0.0,5.9003
1A23,A,33,5.0,340.0,0.0,4.7724
1A23,A,33,5.0,345.0,0.0,3.6573
1A23,A,33,5.0,350.0,0.0,2.5857
1A23,A,33,5.0,355.0,0.0,1.6604
1A23,A,33,10.0,0.0,0.0,2.5420
1A23,A,33,10.0,5.0,0.0,2.8892
1A23,A,33,10.0,10.0,0.0,3.6048
1A23,A,33,10.0,15.0,0.0,4.5132
1A23,A,33,10.0,20.0,0.0,5.5148
1A23,A,33,10.0,25.0,0.0,6.5614
1A23,A,33,10.0,30.0,0.0,7.6281
1A23,A,33,10.0,35.0,0.0,8.7010
1A23,A,33,10.0,40.0,0.0,9.7711
1A23,A,33,10.0,45.0,0.0,10.8325
1A23,A,33,10.0,50.0,0.0,11.8803
1A23,A,33,10.0,55.0,0.0,12.9110
1A23,A,33,10.0,60.0,0.0,13.9212
1A23,A,33,10.0,65.0,0.0,14.9083
1A23,A,33,10.0,70.0,0.0,15.8698
1A23,A,33,10.0,75.0,0.0,16.8033
1A23,A,33,10.0,80.0,0.0,17.7068
1A23,A,33,10.0,85.0,0.0,18.5781
1A23,A,33,10.0,90.0,0.0,19.4155
1A23,A,33,10.0,95.0,0.0,20.2172
1A23,A,33,10.0,100.0,0.0,20.9814
1A23,A,33,10.0,105.0,0.0,21.7067
1A23,A,33,10.0,110.0,0.0,22.3916
1A23,A,33,10.0,115.0,0.0,23.0346
1A23,A,33,10.0,120.0,0.0,23.6346
1A23,A,33,10.0,125.0,0.0,24.1902
1A23,A,33,10.0,130.0,0.0,24.7004
1A23,A,33,10.0,135.0,0.0,25.1642
1A23,A,33,10.0,140.0,0.0,25.5807
1A23,A,33,10.0,145.0,0.0,25.9490
1A23,A,33,10.0,150.0,0.0,26.2684
1A23,A,33,10.0,155.0,0.0,26.5383
1A23,A,33,10.0,160.0,0.0,26.7582
1A23,A,33,10.0,165.0,0.0,26.9276
1A23,A,33,10.0,170.0,0.0,27.0462
1A23,A,33,10.0,175.0,0.0,27.1138
1A23,A,33,10.0,180.0,0.0,27.1302
1A23,A,33,10.0,185.0,0.0,27.0954
1A23,A,33,10.0,190.0,0.0,27.0095
1A23,A,33,10.0,195.0,0.0,26.8727
1A23,A,33,10.0,200.0,0.0,26.6851
1A23,A,33,10.0,205.0,0.0,26.4473
1A23,A,33,10.0,210.0,0.0,26.1595
1A23,A,33,10.0,215.0,0.0,25.8225
1A23,A,33,10.0,220.0,0.0,25.4369
1A23,A,33,10.0,225.0,0.0,25.0033
1A23,A,33,10.0,230.0,0.0,24.5228
1A23,A,33,10.0,235.0,0.0,23.9962
1A23,A,33,10.0,240.0,0.0,23.4245
1A23,A,33,10.0,245.0,0.0,22.8090
1A23,A,33,10.0,250.0,0.0,22.1508
1A23,A,33,10.0,255.0,0.0,21.4513
1A23,A,33,10.0,260.0,0.0,20.7118
1A23,A,33,10.0,265.0,0.0,19.9340
1A23,A,33,10.0,270.0,0.0,19.1193
1A23,A,33,10.0,275.0,0.0,18.2695
1A23,A,33,10.0,280.0,0.0,17.3865
1A23,A,33,10.0,285.0,0.0,16.4720
1A23,A,33,10.0,290.0,0.0,15.5282
1A23,A,33,10.0,295.0,0.0,14.5573
1A23,A,33,10.0,300.0,0.0,13.5616
1A23,A,33,10.0,305.0,0.0,12.5437
1A23,A,33,10.0,310.0,0.0,11.5065
1A23,A,33,10.0,315.0,0.0,10.4533
1A23,A,33,10.0,320.0,0.0,9.3882
1A23,A,33,10.0,325.0,0.0,8.3163
1A23,A,33,10.0,330.0,0.0,7.2444
1A23,A,33,10.0,335.0,0.0,6.1829
1A23,A,33,10.0,340.0,0.0,5.1488
1A23,A,33,10.0,345.0,0.0,4.1731
1A23,A,33,10.0,350.0,0.0,3.3186
1A23,A,33,10.0,355.0,0.0,2.7116
1A23,A,33,15.0,0.0,0.0,3.8069
1A23,A,33,15.0,5.0,0.0,4.0710
1A23,A,33,15.0,10.0,0.0,4.6244
1A23,A,33,15.0,15.0,0.0,5.3751
1A23,A,33,15.0,20.0,0.0,6.2480
1A23,A,33,15.0,25.0,0.0,7.1934
1A23,A,33,15.0,30.0,0.0,8.1802
1A23,A,33,15.0,35.0,0.0,9.1889
1A23,A,33,15.0,40.0,0.0,10.2064
1A23,A,33,15.0,45.0,0.0,11.2237
1A23,A,33,15.0,50.0,0.0,12.2341
1A23,A,33,15.0,55.0,0.0,13.2323
1A23,A,33,15.0,60.0,0.0,14.2140
1A23,A,33,15.0,65.0,0.0,15.1758
1A23,A,33,15.0,70.0,0.0,16.1144
1A23,A,33,15.0,75.0,0.0,17.0273
1A23,A,33,15.0,80.0,0.0,17.9118
1A23,A,33,15.0,85.0,0.0,18.7658
1A23,A,33,15.0,90.0,0.0,19.5871
1A23,A,33,15.0,95.0,0.0,20.3738
1A23,A,33,15.0,100.0,0.0,21.1241
1A23,A,33,15.0,105.0,0.0,21.8363
1A23,A,33,15.0,110.0,0.0,22.5090
1A23,A,33,15.0,115.0,0.0,23.1405
1A23,A,33,15.0,120.0,0.0,23.7297
1A23,A,33,15.0,125.0,0.0,24.2752
1A23,A,33,15.0,130.0,0.0,24.7758
1A23,A,33,15.0,135.0,0.0,25.2307
1A23,A,33,15.0,140.0,0.0,25.6388
1A23,A,33,15.0,145.0,0.0,25.9993
1A23,A,33,15.0,150.0,0.0,26.3114
1A23,A,33,15.0,155.0,0.0,26.5746
1A23,A,33,15.0,160.0,0.0,26.7882
1A23,A,33,15.0,165.0,0.0,26.9519
1A23,A,33,15.0,170.0,0.0,27.0654
1A23,A,33,15.0,175.0,0.0,27.1283
1A23,A,33,15.0,180.0,0.0,27.1406
1A23,A,33,15.0,185.0,0.0,27.1023
1A23,A,33,15.0,190.0,0.0,27.0133
1A23,A,33,15.0,195.0,0.0,26.8740
1A23,A,33,15.0,200.0,0.0,26.6846
1A23,A,33,15.0,205.0,0.0,26.4454
1A23,A,33,15.0,210.0,0.0,26.1570
1A23,A,33,15.0,215.0,0.0,25.8199
1A23,A,33,15.0,220.0,0.0,25.4349
1A23,A,33,15.0,225.0,0.0,25.0027
1A23,A,33,15.0,230.0,0.0,24.5241
1A23,A,33,15.0,235.0,0.0,24.0003
1A23,A,33,15.0,240.0,0.0,23.4322
1A23,A,33,15.0,245.0,0.0,22.8211
1A23,A,33,15.0,250.0,0.0,22.1682
1A23,A,33,15.0,255.0,0.0,21.4750
1A23,A,33,15.0,260.0,0.0,20.7430
1A23,A,33,15.0,265.0,0.0,19.9738
1A23,A,33,15.0,270.0,0.0,19.1691
1A23,A,33,15.0,275.0,0.0,18.3307
1A23,A,33,15.0,280.0,0.0,17.4608
1A23,A,33,15.0,285.0,0.0,16.5614
1A23,A,33,15.0,290.0,0.0,15.6349
1A23,A,33,15.0,295.0,0.0,14.6840
1A23,A,33,15.0,300.0,0.0,13.7116
1A23,A,33,15.0,305.0,0.0,12.7209
1A23,A,33,15.0,310.0,0.0,11.7159
1A23,A,33,15.0,315.0,0.0,10.7013
1A23,A,33,15.0,320.0,0.0,9.6829
1A23,A,33,15.0,325.0,0.0,8.6685
1A23,A,33,15.0,330.0,0.0,7.6691
1A23,A,33,15.0,335.0,0.0,6.7006
1A23,A,33,15.0,340.0,0.0,5.7877
1A23,A,33,15.0,345.0,0.0,4.9698
1A23,A,33,15.0,350.0,0.0,4.3095
1A23,A,33,15.0,355.0,0.0,3.8937
1A23,A,33,20.0,0.0,0.0,5.0646
1A23,A,33,20.0,5.0,0.0,5.2814
1A23,A,33,20.0,10.0,0.0,5.7301
1A23,A,33,20.0,15.0,0.0,6.3587
1A23,A,33,20.0,20.0,0.0,7.1159
1A23,A,33,20.0,25.0,0.0,7.9600
1A23,A,33,20.0,30.0,0.0,8.8609
1A23,A,33,20.0,35.0,0.0,9.7970
1A23,A,33,20.0,40.0,0.0,10.7529
1A23,A,33,20.0,45.0,0.0,11.7175
1A23,A,33,20.0,50.0,0.0,12.6822
1A23,A,33,20.0,55.0,0.0,13.6405
1A23,A,33,20.0,60.0,0.0,14.5870
1A23,A,33,20.0,65.0,0.0,15.5174
1A23,A,33,20.0,70.0,0.0,16.4279
1A23,A,33,20.0,75.0,0.0,17.3152
1A23,A,33,20.0,80.0,0.0,18.1765
1A23,A,33,20.0,85.0,0.0,19.0092
1A23,A,33,20.0,90.0,0.0,19.8109
1A23,A,33,20.0,95.0,0.0,20.5796
1A23,A,33,20.0,100.0,0.0,21.3132
1A23,A,33,20.0,105.0,0.0,22.0099
1A23,A,33,20.0,110.0,0.0,22.6681
1A23,A,33,20.0,115.0,0.0,23.2863
1A23,A,33,20.0,120.0,0.0,23.8629
1A23,A,33,20.0,125.0,0.0,24.3968
1A23,A,33,20.0,130.0,0.0,24.8868
1A23,A,33,20.0,135.0,0.0,25.3316
1A23,A,33,20.0,140.0,0.0,25.7305
1A23,A,33,20.0,145.0,0.0,26.0825
1A23,A,33,20.0,150.0,0.0,26.3869
1A23,A,33,20.0,155.0,0.0,26.6430
1A23,A,33,20.0,160.0,0.0,26.8502
1A23,A,33,20.0,165.0,0.0,27.0083
1A23,A,33,20.0,170.0,0.0,27.1167
1A23,A,33,20.0,175.0,0.0,27.1753
1A23,A,33,20.0,180.0,0.0,27.1840
1A23,A,33,20.0,185.0,0.0,27.1427
1A23,A,33,20.0,190.0,0.0,27.0515
1A23,A,33,20.0,195.0,0.0,26.9107
1A23,A,33,20.0,200.0,0.0,26.7205
1A23,A,33,20.0,205.0,0.0,26.4813
1A23,A,33,20.0,210.0,0.0,26.1936
1A23,A,33,20.0,215.0,0.0,25.8581
1A23,A,33,20.0,220.0,0.0,25.4754
1A23,A,33,20.0,225.0,0.0,25.0464
1A23,A,33,20.0,230.0,0.0,24.5720
1A23,A,33,20.0,235.0,0.0,24.0532
1A23,A,33,20.0,240.0,0.0,23.4913
1A23,A,33,20.0,245.0,0.0,22.8873
1A23,A,33,20.0,250.0,0.0,22.2429
1A23,A,33,20.0,255.0,0.0,21.5593
1A23,A,33,20.0,260.0,0.0,20.8383
1A23,A,33,20.0,265.0,0.0,20.0816
1A23,A,33,20.0,270.0,0.0,19.2911
1A23,A,33,20.0,275.0,0.0,18.4689
1A23,A,33,20.0,280.0,0.0,17.6173
1A23,A,33,20.0,285.0,0.0,16.7387
1A23,A,33,20.0,290.0,0.0,15.8359
1A23,A,33,20.0,295.0,0.0,14.9121
1A23,A,33,20.0,300.0,0.0,13.9707
1A23,A,33,20.0,305.0,0.0,13.0159
1A23,A,33,20.0,310.0,0.0,12.0528
1A23,A,33,20.0,315.0,0.0,11.0873
1A23,A,33,20.0,320.0,0.0,10.1272
1A23,A,33,20.0,325.0,0.0,9.1828
1A23,A,33,20.0,330.0,0.0,8.2676
1A23,A,33,20.0,335.0,0.0,7.4008
1A23,A,33,20.0,340.0,0.0,6.6094
1A23,A,33,20.0,345.0,0.0,5.9307
1A23,A,33,20.0,350.0,0.0,5.4134
1A23,A,33,20.0,355.0,0.0,5.1110
1A23,A,33,25.0,0.0,0.0,6.3127
1A23,A,33,25.0,5.0,0.0,6.4980
1A23,A,33,25.0,10.0,0.0,6.8742
1A23,A,33,25.0,15.0,0.0,7.4098
1A23,A,33,25.0,20.0,0.0,8.0696
1A23,A,33,25.0,25.0,0.0,8.8212
1A23,A,33,25.0,30.0,0.0,9.6383
1A23,A,33,25.0,35.0,0.0,10.5001
1A23,A,33,25.0,40.0,0.0,11.3907
1A23,A,33,25.0,45.0,0.0,12.2978
1A23,A,33,25.0,50.0,0.0,13.2119
1A23,A,33,25.0,55.0,0.0,14.1252
1A23,A,33,25.0,60.0,0.0,15.0316
1A23,A,33,25.0,65.0,0.0,15.9260
1A23,A,33,25.0,70.0,0.0,16.8040
1A23,A,33,25.0,75.0,0.0,17.6618
1A23,A,33,25.0,80.0,0.0,18.4963
1A23,A,33,25.0,85.0,0.0,19.3044
1A23,A,33,25.0,90.0,0.0,20.0836
1A23,A,33,25.0,95.0,0.0,20.8315
1A23,A,33,25.0,100.0,0.0,21.5460
1A23,A,33,25.0,105.0,0.0,22.2251
1A23,A,33,25.0,110.0,0.0,22.8670
1A23,A,33,25.0,115.0,0.0,23.4700
1A23,A,33,25.0,120.0,0.0,24.0328
1A23,A,33,25.0,125.0,0.0,24.5538
1A23,A,33,25.0,130.0,0.0,25.0319
1A23,A,33,25.0,135.0,0.0,25.4659
1A23,A,33,25.0,140.0,0.0,25.8548
1A23,A,33,25.0,145.0,0.0,26.1977
1A23,A,33,25.0,150.0,0.0,26.4940
1A23,A,33,25.0,155.0,0.0,26.7428
1A23,A,33,25.0,160.0,0.0,26.9436
1A23,A,33,25.0,165.0,0.0,27.0960
1A23,A,33,25.0,170.0,0.0,27.1996
1A23,A,33,25.0,175.0,0.0,27.2543
1A23,A,33,25.0,180.0,0.0,27.2599
1A23,A,33,25.0,185.0,0.0,27.2163
1A23,A,33,25.0,190.0,0.0,27.1237
1A23,A,33,25.0,195.0,0.0,26.9823
1A23,A,33,25.0,200.0,0.0,26.7924
1A23,A,33,25.0,205.0,0.0,26.5544
1A23,A,33,25.0,210.0,0.0,26.2689
1A23,A,33,25.0,215.0,0.0,25.9364
1A23,A,33,25.0,220.0,0.0,25.5578
1A23,A,33,25.0,225.0,0.0,25.1339
1A23,A,33,25.0,230.0,0.0,24.6657
1A23,A,33,25.0,235.0,0.0,24.1543
1A23,A,33,25.0,240.0,0.0,23.6009
1A23,A,33,25.0,245.0,0.0,23.0068
1A23,A,33,25.0,250.0,0.0,22.3736
1A23,A,33,25.0,255.0,0.0,21.7028
1A23,A,33,25.0,260.0,0.0,20.9961
1A23,A,33,25.0,265.0,0.0,20.2556
1A23,A,33,25.0,270.0,0.0,19.4833
1A23,A,33,25.0,275.0,0.0,18.6815
1A23,A,33,25.0,280.0,0.0,17.8527
1A23,A,33,25.0,285.0,0.0,16.9999
1A23,A,33,25.0,290.0,0.0,16.1261
1A23,A,33,25.0,295.0,0.0,15.2351
1A23,A,33,25.0,300.0,0.0,14.3310
1A23,A,33,25.0,305.0,0.0,13.4187
1A23,A,33,25.0,310.0,0.0,12.5043
1A23,A,33,25.0,315.0,0.0,11.5949
1A23,A,33,25.0,320.0,0.0,10.6996
1A23,A,33,25.0,325.0,0.0,9.8300
1A23,A,33,25.0,330.0,0.0,9.0012
1A23,A,33,25.0,335.0,0.0,8.2326
1A23,A,33,25.0,340.0,0.0,7.5494
1A23,A,33,25.0,345.0,0.0,6.9827
1A23,A,33,25.0,350.0,0.0,6.5673
1A23,A,33,25.0,355.0,0.0,6.3367
1A23,A,33,30.0,0.0,0.0,7.5488
1A23,A,33,30.0,5.0,0.0,7.7106
1A23,A,33,30.0,10.0,0.0,8.0335
1A23,A,33,30.0,15.0,0.0,8.4969
1A23,A,33,30.0,20.0,0.0,9.0761
1A23,A,33,30.0,25.0,0.0,9.7464
1A23,A,33,30.0,30.0,0.0,10.4859
1A23,A,33,30.0,35.0,0.0,11.2759
1A23,A,33,30.0,40.0,0.0,12.1011
1A23,A,33,30.0,45.0,0.0,12.9491
1A23,A,33,30.0,50.0,0.0,13.8099
1A23,A,33,30.0,55.0,0.0,14.6752
1A23,A,33,30.0,60.0,0.0,15.5383
1A23,A,33,30.0,65.0,0.0,16.3935
1A23,A,33,30.0,70.0,0.0,17.2358
1A23,A,33,30.0,75.0,0.0,18.0612
1A23,A,33,30.0,80.0,0.0,18.8660
1A23,A,33,30.0,85.0,0.0,19.6470
1A23,A,33,30.0,90.0,0.0,20.4012
1A23,A,33,30.0,95.0,0.0,21.1262
1A23,A,33,30.0,100.0,0.0,21.8195
1A23,A,33,30.0,105.0,0.0,22.4791
1A23,A,33,30.0,110.0,0.0,23.1030
1A23,A,33,30.0,115.0,0.0,23.6895
1A23,A,33,30.0,120.0,0.0,24.2371
1A23,A,33,30.0,125.0,0.0,24.7441
1A23,A,33,30.0,130.0,0.0,25.2094
1A23,A,33,30.0,135.0,0.0,25.6318
1A23,A,33,30.0,140.0,0.0,26.0102
1A23,A,33,30.0,145.0,0.0,26.3437
1A23,A,33,30.0,150.0,0.0,26.6315
1A23,A,33,30.0,155.0,0.0,26.8728
1A23,A,33,30.0,160.0,0.0,27.0672
1A23,A,33,30.0,165.0,0.0,27.2141
1A23,A,33,30.0,170.0,0.0,27.3133
1A23,A,33,30.0,175.0,0.0,27.3644
1A23,A,33,30.0,180.0,0.0,27.3674
1A23,A,33,30.0,185.0,0.0,27.3222
1A23,A,33,30.0,190.0,0.0,27.2290
1A23,A,33,30.0,195.0,0.0,27.0880
1A23,A,33,30.0,200.0,0.0,26.8995
1A23,A,33,30.0,205.0,0.0,26.6639
1A23,A,33,30.0,210.0,0.0,26.3819
1A23,A,33,30.0,215.0,0.0,26.0540
1A23,A,33,30.0,220.0,0.0,25.6812
1A23,A,33,30.0,225.0,0.0,25.2642
1A23,A,33,30.0,230.0,0.0,24.8041
1A23,A,33,30.0,235.0,0.0,24.3022
1A23,A,33,30.0,240.0,0.0,23.7596
1A23,A,33,30.0,245.0,0.0,23.1778
1A23,A,33,30.0,250.0,0.0,22.5584
1A23,A,33,30.0,255.0,0.0,21.9032
1A23,A,33,30.0,260.0,0.0,21.2139
1A23,A,33,30.0,265.0,0.0,20.4928
1A23,A,33,30.0,270.0,0.0,19.7420
1A23,A,33,30.0,275.0,0.0,18.9643
1A23,A,33,30.0,280.0,0.0,18.1623
1A23,A,33,30.0,285.0,0.0,17.3392
1A23,A,33,30.0,290.0,0.0,16.4988
1A23,A,33,30.0,295.0,0.0,15.6449
1A23,A,33,30.0,300.0,0.0,14.7825
1A23,A,33,30.0,305.0,0.0,13.9171
1A23,A,33,30.0,310.0,0.0,13.0553
1A23,A,33,30.0,315.0,0.0,12.2052
1A23,A,33,30.0,320.0,0.0,11.3766
1A23,A,33,30.0,325.0,0.0,10.5815
1A23,A,33,30.0,330.0,0.0,9.8348
1A23,A,33,30.0,335.0,0.0,9.1547
1A23,A,33,30.0,340.0,0.0,8.5630
1A23,A,33,30.0,345.0,0.0,8.0839
1A23,A,33,30.0,350.0,0.0,7.7423
1A23,A,33,30.0,355.0,0.0,7.5596
1A23,A,33,35.0,0.0,0.0,8.7704
1A23,A,33,35.0,5.0,0.0,8.9136
1A23,A,33,35.0,10.0,0.0,9.1952
1A23,A,33,35.0,15.0,0.0,9.6009
1A23,A,33,35.0,20.0,0.0,10.1131
1A23,A,33,35.0,25.0,0.0,10.7129
1A23,A,33,35.0,30.0,0.0,11.3822
1A23,A,33,35.0,35.0,0.0,12.1049
1A23,A,33,35.0,40.0,0.0,12.8669
1A23,A,33,35.0,45.0,0.0,13.6565
1A23,A,33,35.0,50.0,0.0,14.4636
1A23,A,33,35.0,55.0,0.0,15.2797
1A23,A,33,35.0,60.0,0.0,16.0977
1A23,A,33,35.0,65.0,0.0,16.9117
1A23,A,33,35.0,70.0,0.0,17.7163
1A23,A,33,35.0,75.0,0.0,18.5071
1A23,A,33,35.0,80.0,0.0,19.2801
1A23,A,33,35.0,85.0,0.0,20.0319
1A23,A,33,35.0,90.0,0.0,20.7593
1A23,A,33,35.0,95.0,0.0,21.4595
1A23,A,33,35.0,100.0,0.0,22.1301
1A23,A,33,35.0,105.0,0.0,22.7687
1A23,A,33,35.0,110.0,0.0,23.3733
1A23,A,33,35.0,115.0,0.0,23.9422
1A23,A,33,35.0,120.0,0.0,24.4734
1A23,A,33,35.0,125.0,0.0,24.9657
1A23,A,33,35.0,130.0,0.0,25.4175
1A23,A,33,35.0,135.0,0.0,25.8277
1A23,A,33,35.0,140.0,0.0,26.1951
1A23,A,33,35.0,145.0,0.0,26.5188
1A23,A,33,35.0,150.0,0.0,26.7979
1A23,A,33,35.0,155.0,0.0,27.0318
1A23,A,33,35.0,160.0,0.0,27.2197
1A23,A,33,35.0,165.0,0.0,27.3614
1A23,A,33,35.0,170.0,0.0,27.4564
1A23,A,33,35.0,175.0,0.0,27.5044
1A23,A,33,35.0,180.0,0.0,27.5054
1A23,A,33,35.0,185.0,0.0,27.4593
1A23,A,33,35.0,190.0,0.0,27.3663
1A23,A,33,35.0,195.0,0.0,27.2266
1A23,A,33,35.0,200.0,0.0,27.0406
1A23,A,33,35.0,205.0,0.0,26.8086
1A23,A,33,35.0,210.0,0.0,26.5314
1A23,A,33,35.0,215.0,0.0,26.2095
1A23,A,33,35.0,220.0,0.0,25.8439
1A23,A,33,35.0,225.0,0.0,25.4355
1A23,A,33,35.0,230.0,0.0,24.9854
1A23,A,33,35.0,235.0,0.0,24.4949
1A23,A,33,35.0,240.0,0.0,23.9652
1A23,A,33,35.0,245.0,0.0,23.3979
1A23,A,33,35.0,250.0,0.0,22.7947
1A23,A,33,35.0,255.0,0.0,22.1575
1A23,A,33,35.0,260.0,0.0,21.4882
1A23,A,33,35.0,265.0,0.0,20.7892
1A23,A,33,35.0,270.0,0.0,20.0629
1A23,A,33,35.0,275.0,0.0,19.3121
1A23,A,33,35.0,280.0,0.0,18.5399
1A23,A,33,35.0,285.0,0.0,17.7497
1A23,A,33,35.0,290.0,0.0,16.9456
1A23,A,33,35.0,295.0,0.0,16.1319
1A23,A,33,35.0,300.0,0.0,15.3139
1A23,A,33,35.0,305.0,0.0,14.4976
1A23,A,33,35.0,310.0,0.0,13.6900
1A23,A,33,35.0,315.0,0.0,12.8995
1A23,A,33,35.0,320.0,0.0,12.1361
1A23,A,33,35.0,325.0,0.0,11.4115
1A23,A,33,35.0,330.0,0.0,10.7396
1A23,A,33,35.0,335.0,0.0,10.1366
1A23,A,33,35.0,340.0,0.0,9.6204
1A23,A,33,35.0,345.0,0.0,9.2098
1A23,A,33,35.0,350.0,0.0,8.9227
1A23,A,33,35.0,355.0,0.0,8.7735
1A23,A,33,40.0,0.0,0.0,9.9754
1A23,A,33,40.0,5.0,0.0,10.1029
1A23,A,33,40.0,10.0,0.0,10.3510
1A23,A,33,40.0,15.0,0.0,10.7096
1A23,A,33,40.0,20.0,0.0,11.1655
1A23,A,33,40.0,25.0,0.0,11.7040
1A23,A,33,40.0,30.0,0.0,12.3105
1A23,A,33,40.0,35.0,0.0,12.9713
1A23,A,33,40.0,40.0,0.0,13.6737
1A23,A,33,40.0,45.0,0.0,14.4069
1A23,A,33,40.0,50.0,0.0,15.1611
1A23,A,33,40.0,55.0,0.0,15.9280
1A23,A,33,40.0,60.0,0.0,16.7005
1A23,A,33,40.0,65.0,0.0,17.4723
1A23,A,33,40.0,70.0,0.0,18.2380
1A23,A,33,40.0,75.0,0.0,18.9929
1A23,A,33,40.0,80.0,0.0,19.7328
1A23,A,33,40.0,85.0,0.0,20.4539
1A23,A,33,40.0,90.0,0.0,21.1531
1A23,A,33,40.0,95.0,0.0,21.8273
1A23,A,33,40.0,100.0,0.0,22.4739
1A23,A,33,40.0,105.0,0.0,23.0904
1A23,A,33,40.0,110.0,0.0,23.6748
1A23,A,33,40.0,115.0,0.0,24.2250
1A23,A,33,40.0,120.0,0.0,24.7392
1A23,A,33,40.0,125.0,0.0,25.2160
1A23,A,33,40.0,130.0,0.0,25.6537
1A23,A,33,40.0,135.0,0.0,26.0513
1A23,A,33,40.0,140.0,0.0,26.4073
1A23,A,33,40.0,145.0,0.0,26.7210
1A23,A,33,40.0,150.0,0.0,26.9914
1A23,A,33,40.0,155.0,0.0,27.2178
1A23,A,33,40.0,160.0,0.0,27.3996
1A23,A,33,40.0,165.0,0.0,27.5362
1A23,A,33,40.0,170.0,0.0,27.6274
1A23,A,33,40.0,175.0,0.0,27.6728
1A23,A,33,40.0,180.0,0.0,27.6723
1A23,A,33,40.0,185.0,0.0,27.6261
1A23,A,33,40.0,190.0,0.0,27.5341
1A23,A,33,40.0,195.0,0.0,27.3966
1A23,A,33,40.0,200.0,0.0,27.2140
1A23,A,33,40.0,205.0,0.0,26.9867
1A23,A,33,40.0,210.0,0.0,26.7155
1A23,A,33,40.0,215.0,0.0,26.4010
1A23,A,33,40.0,220.0,0.0,26.0441
1A23,A,33,40.0,225.0,0.0,25.6458
1A23,A,33,40.0,230.0,0.0,25.2073
1A23,A,33,40.0,235.0,0.0,24.7299
1A23,A,33,40.0,240.0,0.0,24.2149
1A23,A,33,40.0,245.0,0.0,23.6641
1A23,A,33,40.0,250.0,0.0,23.0791
1A23,A,33,40.0,255.0,0.0,22.4619
1A23,A,33,40.0,260.0,0.0,21.8148
1A23,A,33,40.0,265.0,0.0,21.1401
1A23,A,33,40.0,270.0,0.0,20.4405
1A23,A,33,40.0,275.0,0.0,19.7189
1A23,A,33,40.0,280.0,0.0,18.9787
1A23,A,33,40.0,285.0,0.0,18.2236
1A23,A,33,40.0,290.0,0.0,17.4577
1A23,A,33,40.0,295.0,0.0,16.6859
1A23,A,33,40.0,300.0,0.0,15.9134
1A23,A,33,40.0,305.0,0.0,15.1467
1A23,A,33,40.0,310.0,0.0,14.3928
1A23,A,33,40.0,315.0,0.0,13.6602
1A23,A,33,40.0,320.0,0.0,12.9584
1A23,A,33,40.0,325.0,0.0,12.2985
1A23,A,33,40.0,330.0,0.0,11.6931
1A23,A,33,40.0,335.0,0.0,11.1560
1A23,A,33,40.0,340.0,0.0,10.7019
1A23,A,33,40.0,345.0,0.0,10.3453
1A23,A,33,40.0,350.0,0.0,10.0993
1A23,A,33,40.0,355.0,0.0,9.9742
1A23,A,33,45.0,0.0,0.0,11.1614
1A23,A,33,45.0,5.0,0.0,11.2751
1A23,A,33,45.0,10.0,0.0,11.4953
1A23,A,33,45.0,15.0,0.0,11.8143
1A23,A,33,45.0,20.0,0.0,12.2221
1A23,A,33,45.0,25.0,0.0,12.7073
1A23,A,33,45.0,30.0,0.0,13.2579
1A23,A,33,45.0,35.0,0.0,13.8621
1A23,A,33,45.0,40.0,0.0,14.5090
1A23,A,33,45.0,45.0,0.0,15.1885
1A23,A,33,45.0,50.0,0.0,15.8917
1A23,A,33,45.0,55.0,0.0,16.6104
1A23,A,33,45.0,60.0,0.0,17.3377
1A23,A,33,45.0,65.0,0.0,18.0673
1A23,A,33,45.0,70.0,0.0,18.7937
1A23,A,33,45.0,75.0,0.0,19.5120
1A23,A,33,45.0,80.0,0.0,20.2180
1A23,A,33,45.0,85.0,0.0,20.9077
1A23,A,33,45.0,90.0,0.0,21.5778
1A23,A,33,45.0,95.0,0.0,22.2251
1A23,A,33,45.0,100.0,0.0,22.8469
1A23,A,33,45.0,105.0,0.0,23.4405
1A23,A,33,45.0,110.0,0.0,24.0039
1A23,A,33,45.0,115.0,0.0,24.5348
1A23,A,33,45.0,120.0,0.0,25.0315
1A23,A,33,45.0,125.0,0.0,25.4923
1A23,A,33,45.0,130.0,0.0,25.9156
1A23,A,33,45.0,135.0,0.0,26.3002
1A23,A,33,45.0,140.0,0.0,26.6448
1A23,A,33,45.0,145.0,0.0,26.9484
1A23,A,33,45.0,150.0,0.0,27.2101
1A23,A,33,45.0,155.0,0.0,27.4291
1A23,A,33,45.0,160.0,0.0,27.6048
1A23,A,33,45.0,165.0,0.0,27.7367
1A23,A,33,45.0,170.0,0.0,27.8245
1A23,A,33,45.0,175.0,0.0,27.8678
1A23,A,33,45.0,180.0,0.0,27.8665
1A23,A,33,45.0,185.0,0.0,27.8207
1A23,A,33,45.0,190.0,0.0,27.7304
1A23,A,33,45.0,195.0,0.0,27.5960
1A23,A,33,45.0,200.0,0.0,27.4178
1A23,A,33,45.0,205.0,0.0,27.1964
1A23,A,33,45.0,210.0,0.0,26.9323
1A23,A,33,45.0,215.0,0.0,26.6263
1A23,A,33,45.0,220.0,0.0,26.2794
1A23,A,33,45.0,225.0,0.0,25.8926
1A23,A,33,45.0,230.0,0.0,25.4671
1A23,A,33,45.0,235.0,0.0,25.0043
1A23,A,33,45.0,240.0,0.0,24.5056
1A23,A,33,45.0,245.0,0.0,23.9727
1A23,A,33,45.0,250.0,0.0,23.4076
1A23,A,33,45.0,255.0,0.0,22.8123
1A23,A,33,45.0,260.0,0.0,22.1890
1A23,A,33,45.0,265.0,0.0,21.5403
1A23,A,33,45.0,270.0,0.0,20.8690
1A23,A,33,45.0,275.0,0.0,20.1783
1A23,A,33,45.0,280.0,0.0,19.4715
1A23,A,33,45.0,285.0,0.0,18.7526
1A23,A,33,45.0,290.0,0.0,18.0259
1A23,A,33,45.0,295.0,0.0,17.2963
1A23,A,33,45.0,300.0,0.0,16.5693
1A23,A,33,45.0,305.0,0.0,15.8512
1A23,A,33,45.0,310.0,0.0,15.1492
1A23,A,33,45.0,315.0,0.0,14.4713
1A23,A,33,45.0,320.0,0.0,13.8265
1A23,A,33,45.0,325.0,0.0,13.2251
1A23,A,33,45.0,330.0,0.0,12.6779
1A23,A,33,45.0,335.0,0.0,12.1968
1A23,A,33,45.0,340.0,0.0,11.7937
1A23,A,33,45.0,345.0,0.0,11.4800
1A23,A,33,45.0,350.0,0.0,11.2658
1A23,A,33,45.0,355.0,0.0,11.1582
1A23,A,33,50.0,0.0,0.0,12.3261
1A23,A,33,50.0,5.0,0.0,12.4275
1A23,A,33,50.0,10.0,0.0,12.6236
1A23,A,33,50.0,15.0,0.0,12.9087
1A23,A,33,50.0,20.0,0.0,13.2751
1A23,A,33,50.0,25.0,0.0,13.7134
1A23,A,33,50.0,30.0,0.0,14.2140
1A23,A,33,50.0,35.0,0.0,14.7668
1A23,A,33,50.0,40.0,0.0,15.3623
1A23,A,33,50.0,45.0,0.0,15.9914
1A23,A,33,50.0,50.0,0.0,16.6458
1A23,A,33,50.0,55.0,0.0,17.3180
1A23,A,33,50.0,60.0,0.0,18.0011
1A23,A,33,50.0,65.0,0.0,18.6891
1A23,A,33,50.0,70.0,0.0,19.3764
1A23,A,33,50.0,75.0,0.0,20.0581
1A23,A,33,50.0,80.0,0.0,20.7300
1A23,A,33,50.0,85.0,0.0,21.3879
1A23,A,33,50.0,90.0,0.0,22.0285
1A23,A,33,50.0,95.0,0.0,22.6484
1A23,A,33,50.0,100.0,0.0,23.2449
1A23,A,33,50.0,105.0,0.0,23.8152
1A23,A,33,50.0,110.0,0.0,24.3571
1A23,A,33,50.0,115.0,0.0,24.8684
1A23,A,33,50.0,120.0,0.0,25.3472
1A23,A,33,50.0,125.0,0.0,25.7917
1A23,A,33,50.0,130.0,0.0,26.2004
1A23,A,33,50.0,135.0,0.0,26.5719
1A23,A,33,50.0,140.0,0.0,26.9050
1A23,A,33,50.0,145.0,0.0,27.1985
1A23,A,33,50.0,150.0,0.0,27.4516
1A23,A,33,50.0,155.0,0.0,27.6634
1A23,A,33,50.0,160.0,0.0,27.8334
1A23,A,33,50.0,165.0,0.0,27.9609
1A23,A,33,50.0,170.0,0.0,28.0457
1A23,A,33,50.0,175.0,0.0,28.0873
1A23,A,33,50.0,180.0,0.0,28.0858
1A23,A,33,50.0,185.0,0.0,28.0411
1A23,A,33,50.0,190.0,0.0,27.9534
1A23,A,33,50.0,195.0,0.0,27.8228
1A23,A,33,50.0,200.0,0.0,27.6499
1A23,A,33,50.0,205.0,0.0,27.4352
1A23,A,33,50.0,210.0,0.0,27.1792
1A23,A,33,50.0,215.0,0.0,26.8829
1A23,A,33,50.0,220.0,0.0,26.5471
1A23,A,33,50.0,225.0,0.0,26.1729
1A23,A,33,50.0,230.0,0.0,25.7617
1A23,A,33,50.0,235.0,0.0,25.3147
1A23,A,33,50.0,240.0,0.0,24.8336
1A23,A,33,50.0,245.0,0.0,24.3201
1A23,A,33,50.0,250.0,0.0,23.7761
1A23,A,33,50.0,255.0,0.0,23.2038
1A23,A,33,50.0,260.0,0.0,22.6057
1A23,A,33,50.0,265.0,0.0,21.9842
1A23,A,33,50.0,270.0,0.0,21.3423
1A23,A,33,50.0,275.0,0.0,20.6832
1A23,A,33,50.0,280.0,0.0,20.0106
1A23,A,33,50.0,285.0,0.0,19.3283
1A23,A,33,50.0,290.0,0.0,18.6408
1A23,A,33,50.0,295.0,0.0,17.9530
1A23,A,33,50.0,300.0,0.0,17.2704
1A23,A,33,50.0,305.0,0.0,16.5992
1A23,A,33,50.0,310.0,0.0,15.9463
1A23,A,33,50.0,315.0,0.0,15.3193
1A23,A,33,50.0,320.0,0.0,14.7265
1A23,A,33,50.0,325.0,0.0,14.1770
1A23,A,33,50.0,330.0,0.0,13.6805
1A23,A,33,50.0,335.0,0.0,13.2469
1A23,A,33,50.0,340.0,0.0,12.8860
1A23,A,33,50.0,345.0,0.0,12.6069
1A23,A,33,50.0,350.0,0.0,12.4172
1A23,A,33,50.0,355.0,0.0,12.3227
1A23,A,33,55.0,0.0,0.0,13.4674
1A23,A,33,55.0,5.0,0.0,13.5574
1A23,A,33,55.0,10.0,0.0,13.7324
1A23,A,33,55.0,15.0,0.0,13.9880
1A23,A,33,55.0,20.0,0.0,14.3179
1A23,A,33,55.0,25.0,0.0,14.7148
1A23,A,33,55.0,30.0,0.0,15.1705
1A23,A,33,55.0,35.0,0.0,15.6766
1A23,A,33,55.0,40.0,0.0,16.2247
1A23,A,33,55.0,45.0,0.0,16.8068
1A23,A,33,55.0,50.0,0.0,17.4151
1A23,A,33,55.0,55.0,0.0,18.0428
1A23,A,33,55.0,60.0,0.0,18.6832
1A23,A,33,55.0,65.0,0.0,19.3306
1A23,A,33,55.0,70.0,0.0,19.9795
1A23,A,33,55.0,75.0,0.0,20.6251
1A23,A,33,55.0,80.0,0.0,21.2630
1A23,A,33,55.0,85.0,0.0,21.8892
1A23,A,33,55.0,90.0,0.0,22.5002
1A23,A,33,55.0,95.0,0.0,23.0927
1A23,A,33,55.0,100.0,0.0,23.6637
1A23,A,33,55.0,105.0,0.0,24.2105
1A23,A,33,55.0,110.0,0.0,24.7308
1A23,A,33,55.0,115.0,0.0,25.2223
1A23,A,33,55.0,120.0,0.0,25.6830
1A23,A,33,55.0,125.0,0.0,26.1112
1A23,A,33,55.0,130.0,0.0,26.5052
1A23,A,33,55.0,135.0,0.0,26.8637
1A23,A,33,55.0,140.0,0.0,27.1852
1A23,A,33,55.0,145.0,0.0,27.4689
1A23,A,33,55.0,150.0,0.0,27.7135
1A23,A,33,55.0,155.0,0.0,27.9185
1A23,A,33,55.0,160.0,0.0,28.0830
1A23,A,33,55.0,165.0,0.0,28.2065
1A23,A,33,55.0,170.0,0.0,28.2887
1A23,A,33,55.0,175.0,0.0,28.3292
1A23,A,33,55.0,180.0,0.0,28.3281
1A23,A,33,55.0,185.0,0.0,28.2851
1A23,A,33,55.0,190.0,0.0,28.2006
1A23,A,33,55.0,195.0,0.0,28.0747
1A23,A,33,55.0,200.0,0.0,27.9078
1A23,A,33,55.0,205.0,0.0,27.7006
1A23,A,33,55.0,210.0,0.0,27.4537
1A23,A,33,55.0,215.0,0.0,27.1679
1A23,A,33,55.0,220.0,0.0,26.8442
1A23,A,33,55.0,225.0,0.0,26.4836
1A23,A,33,55.0,230.0,0.0,26.0876
1A23,A,33,55.0,235.0,0.0,25.6575
1A23,A,33,55.0,240.0,0.0,25.1950
1A23,A,33,55.0,245.0,0.0,24.7018
1A23,A,33,55.0,250.0,0.0,24.1800
1A23,A,33,55.0,255.0,0.0,23.6317
1A23,A,33,55.0,260.0,0.0,23.0594
1A23,A,33,55.0,265.0,0.0,22.4658
1A23,A,33,55.0,270.0,0.0,21.8538
1A23,A,33,55.0,275.0,0.0,21.2268
1A23,A,33,55.0,280.0,0.0,20.5884
1A23,A,33,55.0,285.0,0.0,19.9425
1A23,A,33,55.0,290.0,0.0,19.2935
1A23,A,33,55.0,295.0,0.0,18.6464
1A23,A,33,55.0,300.0,0.0,18.0065
1A23,A,33,55.0,305.0,0.0,17.3798
1A23,A,33,55.0,310.0,0.0,16.7727
1A23,A,33,55.0,315.0,0.0,16.1924
1A23,A,33,55.0,320.0,0.0,15.6465
1A23,A,33,55.0,325.0,0.0,15.1431
1A23,A,33,55.0,330.0,0.0,14.6905
1A23,A,33,55.0,335.0,0.0,14.2972
1A23,A,33,55.0,340.0,0.0,13.9713
1A23,A,33,55.0,345.0,0.0,13.7202
1A23,A,33,55.0,350.0,0.0,13.5499
1A23,A,33,55.0,355.0,0.0,13.4649
1A23,A,33,60.0,0.0,0.0,14.5831
1A23,A,33,60.0,5.0,0.0,14.6624
1A23,A,33,60.0,10.0,0.0,14.8185
1A23,A,33,60.0,15.0,0.0,15.0479
1A23,A,33,60.0,20.0,0.0,15.3456
1A23,A,33,60.0,25.0,0.0,15.7056
1A23,A,33,60.0,30.0,0.0,16.1209
1A23,A,33,60.0,35.0,0.0,16.5844
1A23,A,33,60.0,40.0,0.0,17.0889
1A23,A,33,60.0,45.0,0.0,17.6271
1A23,A,33,60.0,50.0,0.0,18.1922
1A23,A,33,60.0,55.0,0.0,18.7775
1A23,A,33,60.0,60.0,0.0,19.3771
1A23,A,33,60.0,65.0,0.0,19.9853
1A23,A,33,60.0,70.0,0.0,20.5969
1A23,A,33,60.0,75.0,0.0,21.2071
1A23,A,33,60.0,80.0,0.0,21.8117
1A23,A,33,60.0,85.0,0.0,22.4066
1A23,A,33,60.0,90.0,0.0,22.9883
1A23,A,33,60.0,95.0,0.0,23.5535
1A23,A,33,60.0,100.0,0.0,24.0991
1A23,A,33,60.0,105.0,0.0,24.6225
1A23,A,33,60.0,110.0,0.0,25.1212
1A23,A,33,60.0,115.0,0.0,25.5929
1A23,A,33,60.0,120.0,0.0,26.0357
1A23,A,33,60.0,125.0,0.0,26.4476
1A23,A,33,60.0,130.0,0.0,26.8271
1A23,A,33,60.0,135.0,0.0,27.1726
1A23,A,33,60.0,140.0,0.0,27.4829
1A23,A,33,60.0,145.0,0.0,27.7568
1A23,A,33,60.0,150.0,0.0,27.9934
1A23,A,33,60.0,155.0,0.0,28.1917
1A23,A,33,60.0,160.0,0.0,28.3511
1A23,A,33,60.0,165.0,0.0,28.4711
1A23,A,33,60.0,170.0,0.0,28.5512
1A23,A,33,60.0,175.0,0.0,28.5911
1A23,A,33,60.0,180.0,0.0,28.5908
1A23,A,33,60.0,185.0,0.0,28.5502
1A23,A,33,60.0,190.0,0.0,28.4695
1A23,A,33,60.0,195.0,0.0,28.3489
1A23,A,33,60.0,200.0,0.0,28.1889
1A23,A,33,60.0,205.0,0.0,27.9899
1A23,A,33,60.0,210.0,0.0,27.7528
1A23,A,33,60.0,215.0,0.0,27.4783
1A23,A,33,60.0,220.0,0.0,27.1675
1A23,A,33,60.0,225.0,0.0,26.8214
1A23,A,33,60.0,230.0,0.0,26.4414
1A23,A,33,60.0,235.0,0.0,26.0289
1A23,A,33,60.0,240.0,0.0,25.5857
1A23,A,33,60.0,245.0,0.0,25.1135
1A23,A,33,60.0,250.0,0.0,24.6144
1A23,A,33,60.0,255.0,0.0,24.0907
1A23,A,33,60.0,260.0,0.0,23.5447
1A23,A,33,60.0,265.0,0.0,22.9792
1A23,A,33,60.0,270.0,0.0,22.3973
1A23,A,33,60.0,275.0,0.0,21.8022
1A23,A,33,60.0,280.0,0.0,21.1975
1A23,A,33,60.0,285.0,0.0,20.5872
1A23,A,33,60.0,290.0,0.0,19.9757
1A23,A,33,60.0,295.0,0.0,19.3676
1A23,A,33,60.0,300.0,0.0,18.7682
1A23,A,33,60.0,305.0,0.0,18.1831
1A23,A,33,60.0,310.0,0.0,17.6184
1A23,A,33,60.0,315.0,0.0,17.0807
1A23,A,33,60.0,320.0,0.0,16.5768
1A23,A,33,60.0,325.0,0.0,16.1140
1A23,A,33,60.0,330.0,0.0,15.6994
1A23,A,33,60.0,335.0,0.0,15.3405
1A23,A,33,60.0,340.0,0.0,15.0438
1A23,A,33,60.0,345.0,0.0,14.8155
1A23,A,33,60.0,350.0,0.0,14.6605
1A23,A,33,60.0,355.0,0.0,14.5825
1A23,A,33,65.0,0.0,0.0,15.6710
1A23,A,33,65.0,5.0,0.0,15.7402
1A23,A,33,65.0,10.0,0.0,15.8792
1A23,A,33,65.0,15.0,0.0,16.0852
1A23,A,33,65.0,20.0,0.0,16.3540
1A23,A,33,65.0,25.0,0.0,16.6806
1A23,A,33,65.0,30.0,0.0,17.0594
1A23,A,33,65.0,35.0,0.0,17.4842
1A23,A,33,65.0,40.0,0.0,17.9485
1A23,A,33,65.0,45.0,0.0,18.4460
1A23,A,33,65.0,50.0,0.0,18.9705
1A23,A,33,65.0,55.0,0.0,19.5159
1A23,A,33,65.0,60.0,0.0,20.0766
1A23,A,33,65.0,65.0,0.0,20.6472
1A23,A,33,65.0,70.0,0.0,21.2228
1A23,A,33,65.0,75.0,0.0,21.7987
1A23,A,33,65.0,80.0,0.0,22.3708
1A23,A,33,65.0,85.0,0.0,22.9351
1A23,A,33,65.0,90.0,0.0,23.4881
1A23,A,33,65.0,95.0,0.0,24.0264
1A23,A,33,65.0,100.0,0.0,24.5470
1A23,A,33,65.0,105.0,0.0,25.0473
1A23,A,33,65.0,110.0,0.0,25.5247
1A23,A,33,65.0,115.0,0.0,25.9769
1A23,A,33,65.0,120.0,0.0,26.4020
1A23,A,33,65.0,125.0,0.0,26.7979
1A23,A,33,65.0,130.0,0.0,27.1630
1A23,A,33,65.0,135.0,0.0,27.4959
1A23,A,33,65.0,140.0,0.0,27.7952
1A23,A,33,65.0,145.0,0.0,28.0598
1A23,A,33,65.0,150.0,0.0,28.2885
1A23,A,33,65.0,155.0,0.0,28.4806
1A23,A,33,65.0,160.0,0.0,28.6353
1A23,A,33,65.0,165.0,0.0,28.7522
1A23,A,33,65.0,170.0,0.0,28.8307
1A23,A,33,65.0,175.0,0.0,28.8705
1A23,A,33,65.0,180.0,0.0,28.8716
1A23,A,33,65.0,185.0,0.0,28.8339
1A23,A,33,65.0,190.0,0.0,28.7576
1A23,A,33,65.0,195.0,0.0,28.6429
1A23,A,33,65.0,200.0,0.0,28.4903
1A23,A,33,65.0,205.0,0.0,28.3003
1A23,A,33,65.0,210.0,0.0,28.0736
1A23,A,33,65.0,215.0,0.0,27.8110
1A23,A,33,65.0,220.0,0.0,27.5136
1A23,A,33,65.0,225.0,0.0,27.1826
1A23,A,33,65.0,230.0,0.0,26.8192
1A23,A,33,65.0,235.0,0.0,26.4250
1A23,A,33,65.0,240.0,0.0,26.0015
1A23,A,33,65.0,245.0,0.0,25.5508
1A23,A,33,65.0,250.0,0.0,25.0747
1A23,A,33,65.0,255.0,0.0,24.5757
1A23,A,33,65.0,260.0,0.0,24.0561
1A23,A,33,65.0,265.0,0.0,23.5187
1A23,A,33,65.0,270.0,0.0,22.9665
1A23,A,33,65.0,275.0,0.0,22.4027
1A23,A,33,65.0,280.0,0.0,21.8310
1A23,A,33,65.0,285.0,0.0,21.2551
1A23,A,33,65.0,290.0,0.0,20.6794
1A23,A,33,65.0,295.0,0.0,20.1084
1A23,A,33,65.0,300.0,0.0,19.5470
1A23,A,33,65.0,305.0,0.0,19.0006
1A23,A,33,65.0,310.0,0.0,18.4748
1A23,A,33,65.0,315.0,0.0,17.9756
1A23,A,33,65.0,320.0,0.0,17.5092
1A23,A,33,65.0,325.0,0.0,17.0821
1A23,A,33,65.0,330.0,0.0,16.7006
1A23,A,33,65.0,335.0,0.0,16.3708
1A23,A,33,65.0,340.0,0.0,16.0986
1A23,A,33,65.0,345.0,0.0,15.8890
1A23,A,33,65.0,350.0,0.0,15.7462
1A23,A,33,65.0,355.0,0.0,15.6730
1A23,A,33,70.0,0.0,0.0,16.7290
1A23,A,33,70.0,5.0,0.0,16.7886
1A23,A,33,70.0,10.0,0.0,16.9119
1A23,A,33,70.0,15.0,0.0,17.0966
1A23,A,33,70.0,20.0,0.0,17.3393
1A23,A,33,70.0,25.0,0.0,17.6359
1A23,A,33,70.0,30.0,0.0,17.9814
1A23,A,33,70.0,35.0,0.0,18.3706
1A23,A,33,70.0,40.0,0.0,18.7980
1A23,A,33,70.0,45.0,0.0,19.2577
1A23,A,33,70.0,50.0,0.0,19.7443
1A23,A,33,70.0,55.0,0.0,20.2521
1A23,A,33,70.0,60.0,0.0,20.7759
1A23,A,33,70.0,65.0,0.0,21.3108
1A23,A,33,70.0,70.0,0.0,21.8519
1A23,A,33,70.0,75.0,0.0,22.3948
1A23,A,33,70.0,80.0,0.0,22.9355
1A23,A,33,70.0,85.0,0.0,23.4701
1A23,A,33,70.0,90.0,0.0,23.9951
1A23,A,33,70.0,95.0,0.0,24.5072
1A23,A,33,70.0,100.0,0.0,25.0035
1A23,A,33,70.0,105.0,0.0,25.4811
1A23,A,33,70.0,110.0,0.0,25.9377
1A23,A,33,70.0,115.0,0.0,26.3708
1A23,A,33,70.0,120.0,0.0,26.7785
1A23,A,33,70.0,125.0,0.0,27.1588
1A23,A,33,70.0,130.0,0.0,27.5100
1A23,A,33,70.0,135.0,0.0,27.8307
1A23,A,33,70.0,140.0,0.0,28.1193
1A23,A,33,70.0,145.0,0.0,28.3749
1A23,A,33,70.0,150.0,0.0,28.5962
1A23,A,33,70.0,155.0,0.0,28.7825
1A23,A,33,70.0,160.0,0.0,28.9330
1A23,A,33,70.0,165.0,0.0,29.0472
1A23,A,33,70.0,170.0,0.0,29.1245
1A23,A,33,70.0,175.0,0.0,29.1648
1A23,A,33,70.0,180.0,0.0,29.1678
1A23,A,33,70.0,185.0,0.0,29.1335
1A23,A,33,70.0,190.0,0.0,29.0621
1A23,A,33,70.0,195.0,0.0,28.9538
1A23,A,33,70.0,200.0,0.0,28.8091
1A23,A,33,70.0,205.0,0.0,28.6286
1A23,A,33,70.0,210.0,0.0,28.4128
